min,d16_mu,d50_mu,d84_mu,Sed_vol_uL
1,42.34828857808438,87.35020160698662,158.3088544341888,0.8772104122915843
