min,d16_mu,d50_mu,d84_mu,Sed_vol_uL
1,62.11062811209032,112.40933772129833,230.44095908843977,6.253260279094046
